-- MySQL Script generated by MySQL Workbench
-- 07/10/15 13:40:32
-- Model: Dyon Model    Version: 1.0
-- MySQL Workbench Forward Engineering

SET @OLD_UNIQUE_CHECKS=@@UNIQUE_CHECKS, UNIQUE_CHECKS=0;
SET @OLD_FOREIGN_KEY_CHECKS=@@FOREIGN_KEY_CHECKS, FOREIGN_KEY_CHECKS=0;
SET @OLD_SQL_MODE=@@SQL_MODE, SQL_MODE='TRADITIONAL,ALLOW_INVALID_DATES';

-- -----------------------------------------------------
-- Schema bdyon
-- -----------------------------------------------------
-- Database utilizada no progrma Dyon, para controle de eventos.
DROP SCHEMA IF EXISTS `bdyon` ;

-- -----------------------------------------------------
-- Schema bdyon
--
-- Database utilizada no progrma Dyon, para controle de eventos.
-- -----------------------------------------------------
CREATE SCHEMA IF NOT EXISTS `bdyon` DEFAULT CHARACTER SET utf8 COLLATE utf8_general_ci ;
USE `bdyon` ;

-- -----------------------------------------------------
-- Table `bdyon`.`usuario`
-- -----------------------------------------------------
DROP TABLE IF EXISTS `bdyon`.`usuario` ;

CREATE TABLE IF NOT EXISTS `bdyon`.`usuario` (
  `id` INT NOT NULL AUTO_INCREMENT,
  `nome` VARCHAR(90) NOT NULL,
  `email` VARCHAR(90) NOT NULL,
  `senha` VARCHAR(32) NOT NULL,
  `rg` VARCHAR(20) NOT NULL,
  `tipo` INT NOT NULL,
  `sexo` ENUM('m','f') NOT NULL,
  `cidade` VARCHAR(45) NOT NULL,
  `estado` VARCHAR(2) NOT NULL,
  `data_criacao` TIMESTAMP NOT NULL DEFAULT CURRENT_TIMESTAMP,
  PRIMARY KEY (`id`),
  UNIQUE INDEX `email_UNIQUE` (`email` ASC),
  UNIQUE INDEX `cpf_UNIQUE` (`rg` ASC))
ENGINE = InnoDB;


-- -----------------------------------------------------
-- Table `bdyon`.`evento`
-- -----------------------------------------------------
DROP TABLE IF EXISTS `bdyon`.`evento` ;

CREATE TABLE IF NOT EXISTS `bdyon`.`evento` (
  `id` INT NOT NULL AUTO_INCREMENT,
  `id_usuario` INT NOT NULL,
  `nome` VARCHAR(80) NOT NULL,
  `data_inicio` DATETIME NOT NULL,
  `data_fim` DATETIME NOT NULL,
  `data_criacao` TIMESTAMP NOT NULL DEFAULT CURRENT_TIMESTAMP,
  `max_venda` INT NOT NULL DEFAULT 0,
  `status` INT NOT NULL DEFAULT 2,
  PRIMARY KEY (`id`, `id_usuario`),
  INDEX `fk_evento_usuario_idx` (`id_usuario` ASC),
  CONSTRAINT `fk_evento_usuario`
    FOREIGN KEY (`id_usuario`)
    REFERENCES `bdyon`.`usuario` (`id`)
    ON DELETE NO ACTION
    ON UPDATE NO ACTION)
ENGINE = InnoDB;


-- -----------------------------------------------------
-- Table `bdyon`.`lote`
-- -----------------------------------------------------
DROP TABLE IF EXISTS `bdyon`.`lote` ;

CREATE TABLE IF NOT EXISTS `bdyon`.`lote` (
  `id` INT NOT NULL AUTO_INCREMENT,
  `id_evento` INT NOT NULL,
  `id_usuario` INT NOT NULL,
  `nome` VARCHAR(40) NOT NULL,
  `valor` FLOAT NOT NULL,
  `data_criacao` TIMESTAMP NOT NULL DEFAULT CURRENT_TIMESTAMP,
  `max_venda` INT NOT NULL DEFAULT 0,
  `status` INT NOT NULL DEFAULT 0,
  `genero` ENUM('f','m') NULL,
  `pagseguro_hash` VARCHAR(100) NULL,
  PRIMARY KEY (`id`, `id_evento`, `id_usuario`),
  INDEX `fk_lote_evento1_idx` (`id_evento` ASC),
  INDEX `fk_lote_usuario1_idx` (`id_usuario` ASC),
  CONSTRAINT `fk_lote_evento1`
    FOREIGN KEY (`id_evento`)
    REFERENCES `bdyon`.`evento` (`id`)
    ON DELETE NO ACTION
    ON UPDATE NO ACTION,
  CONSTRAINT `fk_lote_usuario1`
    FOREIGN KEY (`id_usuario`)
    REFERENCES `bdyon`.`usuario` (`id`)
    ON DELETE NO ACTION
    ON UPDATE NO ACTION)
ENGINE = InnoDB;


-- -----------------------------------------------------
-- Table `bdyon`.`grupo`
-- -----------------------------------------------------
DROP TABLE IF EXISTS `bdyon`.`grupo` ;

CREATE TABLE IF NOT EXISTS `bdyon`.`grupo` (
  `id` INT NOT NULL AUTO_INCREMENT,
  `id_lider` INT NOT NULL,
  `nome` VARCHAR(45) NULL,
  `data_criacao` TIMESTAMP NOT NULL DEFAULT CURRENT_TIMESTAMP,
  `id_evento` INT NOT NULL,
  `codigo_acesso` VARCHAR(32) NOT NULL,
  PRIMARY KEY (`id`, `id_lider`, `id_evento`),
  INDEX `fk_grupo_usuario1_idx` (`id_lider` ASC),
  INDEX `fk_grupo_evento1_idx` (`id_evento` ASC),
  UNIQUE INDEX `codigo_acesso_UNIQUE` (`codigo_acesso` ASC),
  CONSTRAINT `fk_grupo_usuario1`
    FOREIGN KEY (`id_lider`)
    REFERENCES `bdyon`.`usuario` (`id`)
    ON DELETE NO ACTION
    ON UPDATE NO ACTION,
  CONSTRAINT `fk_grupo_evento1`
    FOREIGN KEY (`id_evento`)
    REFERENCES `bdyon`.`evento` (`id`)
    ON DELETE NO ACTION
    ON UPDATE NO ACTION)
ENGINE = InnoDB;


-- -----------------------------------------------------
-- Table `bdyon`.`pacote`
-- -----------------------------------------------------
DROP TABLE IF EXISTS `bdyon`.`pacote` ;

CREATE TABLE IF NOT EXISTS `bdyon`.`pacote` (
  `id` INT NOT NULL AUTO_INCREMENT,
  `id_usuario` INT NOT NULL,
  `id_grupo` INT NOT NULL,
  `id_lote` INT NOT NULL,
  `desconto` INT NOT NULL DEFAULT 0,
  `data_criacao` TIMESTAMP NOT NULL DEFAULT CURRENT_TIMESTAMP,
  `tipo_pagamento` INT NOT NULL,
  `status` INT NOT NULL DEFAULT 0,
  `data_alteracao` TIMESTAMP NULL DEFAULT CURRENT_TIMESTAMP,
  PRIMARY KEY (`id`, `id_usuario`, `id_grupo`, `id_lote`),
  INDEX `fk_pacote_usuario1_idx` (`id_usuario` ASC),
  INDEX `fk_pacote_lote1_idx` (`id_lote` ASC),
  INDEX `fk_pacote_grupo1_idx` (`id_grupo` ASC),
  CONSTRAINT `fk_pacote_usuario1`
    FOREIGN KEY (`id_usuario`)
    REFERENCES `bdyon`.`usuario` (`id`)
    ON DELETE NO ACTION
    ON UPDATE NO ACTION,
  CONSTRAINT `fk_pacote_lote1`
    FOREIGN KEY (`id_lote`)
    REFERENCES `bdyon`.`lote` (`id`)
    ON DELETE NO ACTION
    ON UPDATE NO ACTION,
  CONSTRAINT `fk_pacote_grupo1`
    FOREIGN KEY (`id_grupo`)
    REFERENCES `bdyon`.`grupo` (`id`)
    ON DELETE NO ACTION
    ON UPDATE NO ACTION)
ENGINE = InnoDB;


-- -----------------------------------------------------
-- Table `bdyon`.`parcela_pacote`
-- -----------------------------------------------------
DROP TABLE IF EXISTS `bdyon`.`parcela_pacote` ;

CREATE TABLE IF NOT EXISTS `bdyon`.`parcela_pacote` (
  `id` INT NOT NULL AUTO_INCREMENT,
  `id_pacote` INT NOT NULL,
  `data_criacao` TIMESTAMP NOT NULL DEFAULT CURRENT_TIMESTAMP,
  `data_vencimento` DATETIME NOT NULL,
  `data_pagamento` DATETIME NULL,
  `valor` FLOAT NOT NULL,
  `status` INT NOT NULL,
  `id_comprovante` VARCHAR(100) NULL,
  `tipo_comprovante` INT NULL,
  PRIMARY KEY (`id`, `id_pacote`),
  INDEX `fk_parcelas_pacote1_idx` (`id_pacote` ASC),
  CONSTRAINT `fk_parcelas_pacote1`
    FOREIGN KEY (`id_pacote`)
    REFERENCES `bdyon`.`pacote` (`id`)
    ON DELETE NO ACTION
    ON UPDATE NO ACTION)
ENGINE = InnoDB;


-- -----------------------------------------------------
-- Table `bdyon`.`categoria_compra`
-- -----------------------------------------------------
DROP TABLE IF EXISTS `bdyon`.`categoria_compra` ;

CREATE TABLE IF NOT EXISTS `bdyon`.`categoria_compra` (
  `id` INT NOT NULL AUTO_INCREMENT,
  `nome` VARCHAR(100) NOT NULL,
  PRIMARY KEY (`id`),
  UNIQUE INDEX `nome_UNIQUE` (`nome` ASC))
ENGINE = InnoDB;


-- -----------------------------------------------------
-- Table `bdyon`.`compra`
-- -----------------------------------------------------
DROP TABLE IF EXISTS `bdyon`.`compra` ;

CREATE TABLE IF NOT EXISTS `bdyon`.`compra` (
  `id` INT NOT NULL AUTO_INCREMENT,
  `id_evento` INT NOT NULL,
  `id_categoria` INT NOT NULL,
  `nome` VARCHAR(45) NOT NULL,
  `data_criacao` TIMESTAMP NOT NULL DEFAULT CURRENT_TIMESTAMP,
  `quantidade` INT NOT NULL,
  `valor_unitario` FLOAT NOT NULL,
  `tipo` INT NOT NULL,
  `status` INT NOT NULL,
  PRIMARY KEY (`id`, `id_evento`),
  INDEX `fk_compra_evento1_idx` (`id_evento` ASC),
  INDEX `fk_compra_categoria_compra1_idx` (`id_categoria` ASC),
  CONSTRAINT `fk_compra_evento1`
    FOREIGN KEY (`id_evento`)
    REFERENCES `bdyon`.`evento` (`id`)
    ON DELETE NO ACTION
    ON UPDATE NO ACTION,
  CONSTRAINT `fk_compra_categoria_compra1`
    FOREIGN KEY (`id_categoria`)
    REFERENCES `bdyon`.`categoria_compra` (`id`)
    ON DELETE NO ACTION
    ON UPDATE NO ACTION)
ENGINE = InnoDB;


-- -----------------------------------------------------
-- Table `bdyon`.`logs`
-- -----------------------------------------------------
DROP TABLE IF EXISTS `bdyon`.`logs` ;

CREATE TABLE IF NOT EXISTS `bdyon`.`logs` (
  `id` INT NOT NULL,
  `id_usuario` INT NOT NULL,
  `data_criacao` TIMESTAMP NOT NULL DEFAULT CURRENT_TIMESTAMP,
  `tipo_log` INT NOT NULL,
  `mensagem_log` TEXT NOT NULL,
  PRIMARY KEY (`id`, `id_usuario`),
  INDEX `fk_logs_usuario1_idx` (`id_usuario` ASC),
  CONSTRAINT `fk_logs_usuario1`
    FOREIGN KEY (`id_usuario`)
    REFERENCES `bdyon`.`usuario` (`id`)
    ON DELETE NO ACTION
    ON UPDATE NO ACTION)
ENGINE = InnoDB;


-- -----------------------------------------------------
-- Table `bdyon`.`parcela_compra`
-- -----------------------------------------------------
DROP TABLE IF EXISTS `bdyon`.`parcela_compra` ;

CREATE TABLE IF NOT EXISTS `bdyon`.`parcela_compra` (
  `id` INT NOT NULL AUTO_INCREMENT,
  `id_compra` INT NOT NULL,
  `nota_fiscal` VARCHAR(32) NULL,
  `valor` VARCHAR(45) NOT NULL,
  `status` VARCHAR(45) NOT NULL,
  `retorno` VARCHAR(45) NULL,
  `data_vencimento` DATETIME NULL,
  `data_pagamento` DATETIME NULL,
  PRIMARY KEY (`id`, `id_compra`),
  INDEX `fk_parcela_compra_compra1_idx` (`id_compra` ASC),
  CONSTRAINT `fk_parcela_compra_compra1`
    FOREIGN KEY (`id_compra`)
    REFERENCES `bdyon`.`compra` (`id`)
    ON DELETE NO ACTION
    ON UPDATE NO ACTION)
ENGINE = InnoDB;


-- -----------------------------------------------------
-- Table `bdyon`.`casa`
-- -----------------------------------------------------
DROP TABLE IF EXISTS `bdyon`.`casa` ;

CREATE TABLE IF NOT EXISTS `bdyon`.`casa` (
  `id` INT NOT NULL AUTO_INCREMENT,
  `id_evento` INT NOT NULL,
  `nome` VARCHAR(60) NOT NULL,
  `endereco` VARCHAR(150) NOT NULL,
  `valor_pessoa` FLOAT NOT NULL,
  `numero_vagas` INT NOT NULL DEFAULT 0,
  `anexo_contrato` VARCHAR(32) NULL,
  `mapa` VARCHAR(32) NOT NULL,
  PRIMARY KEY (`id`, `id_evento`),
  INDEX `fk_casa_evento1_idx` (`id_evento` ASC),
  CONSTRAINT `fk_casa_evento1`
    FOREIGN KEY (`id_evento`)
    REFERENCES `bdyon`.`evento` (`id`)
    ON DELETE NO ACTION
    ON UPDATE NO ACTION)
ENGINE = InnoDB;


-- -----------------------------------------------------
-- Table `bdyon`.`quarto`
-- -----------------------------------------------------
DROP TABLE IF EXISTS `bdyon`.`quarto` ;

CREATE TABLE IF NOT EXISTS `bdyon`.`quarto` (
  `id` INT NOT NULL AUTO_INCREMENT,
  `id_casa` INT NOT NULL,
  `numero_vagas` INT NOT NULL,
  `suite` ENUM('s','n') NOT NULL,
  `id_grupo` INT NOT NULL,
  PRIMARY KEY (`id`, `id_casa`, `id_grupo`),
  INDEX `fk_quarto_casa1_idx` (`id_casa` ASC),
  INDEX `fk_quarto_grupo1_idx` (`id_grupo` ASC),
  CONSTRAINT `fk_quarto_casa1`
    FOREIGN KEY (`id_casa`)
    REFERENCES `bdyon`.`casa` (`id`)
    ON DELETE NO ACTION
    ON UPDATE NO ACTION,
  CONSTRAINT `fk_quarto_grupo1`
    FOREIGN KEY (`id_grupo`)
    REFERENCES `bdyon`.`grupo` (`id`)
    ON DELETE NO ACTION
    ON UPDATE NO ACTION)
ENGINE = InnoDB;


-- -----------------------------------------------------
-- Table `bdyon`.`admin`
-- -----------------------------------------------------
DROP TABLE IF EXISTS `bdyon`.`admin` ;

CREATE TABLE IF NOT EXISTS `bdyon`.`admin` (
  `id` INT NULL AUTO_INCREMENT,
  `id_usuario` INT NOT NULL,
  `evento_padrao` INT UNSIGNED NOT NULL DEFAULT 0,
  `dashboard_boxes` BLOB NULL,
  PRIMARY KEY (`id`),
  INDEX `fk_admin_usuario1_idx` (`id_usuario` ASC),
  CONSTRAINT `fk_admin_usuario1`
    FOREIGN KEY (`id_usuario`)
    REFERENCES `bdyon`.`usuario` (`id`)
    ON DELETE NO ACTION
    ON UPDATE NO ACTION)
ENGINE = InnoDB;


-- -----------------------------------------------------
-- Table `bdyon`.`diretoria`
-- -----------------------------------------------------
DROP TABLE IF EXISTS `bdyon`.`diretoria` ;

CREATE TABLE IF NOT EXISTS `bdyon`.`diretoria` (
  `id` INT NOT NULL,
  `nome` VARCHAR(45) NULL,
  `acesso_minimo` VARCHAR(45) NULL,
  PRIMARY KEY (`id`))
ENGINE = InnoDB;


-- -----------------------------------------------------
-- Table `bdyon`.`tarefa`
-- -----------------------------------------------------
DROP TABLE IF EXISTS `bdyon`.`tarefa` ;

CREATE TABLE IF NOT EXISTS `bdyon`.`tarefa` (
  `id` INT NOT NULL AUTO_INCREMENT,
  `id_diretoria` INT NOT NULL,
  `titulo` VARCHAR(150) NULL,
  `descricao` LONGTEXT NULL,
  `data_vencimento` DATETIME NULL,
  `data_criacao` TIMESTAMP NULL DEFAULT CURRENT_TIMESTAMP,
  PRIMARY KEY (`id`),
  INDEX `fk_tarefa_diretoria1_idx` (`id_diretoria` ASC),
  CONSTRAINT `fk_tarefa_diretoria1`
    FOREIGN KEY (`id_diretoria`)
    REFERENCES `bdyon`.`diretoria` (`id`)
    ON DELETE NO ACTION
    ON UPDATE NO ACTION)
ENGINE = InnoDB;


-- -----------------------------------------------------
-- Table `bdyon`.`diretoria_usuarios`
-- -----------------------------------------------------
DROP TABLE IF EXISTS `bdyon`.`diretoria_usuarios` ;

CREATE TABLE IF NOT EXISTS `bdyon`.`diretoria_usuarios` (
  `id_usuario` INT NOT NULL,
  `id_diretoria` INT NOT NULL,
  PRIMARY KEY (`id_usuario`, `id_diretoria`),
  INDEX `fk_usuario_has_diretoria_diretoria1_idx` (`id_diretoria` ASC),
  INDEX `fk_usuario_has_diretoria_usuario1_idx` (`id_usuario` ASC),
  CONSTRAINT `fk_usuario_has_diretoria_usuario1`
    FOREIGN KEY (`id_usuario`)
    REFERENCES `bdyon`.`usuario` (`id`)
    ON DELETE NO ACTION
    ON UPDATE NO ACTION,
  CONSTRAINT `fk_usuario_has_diretoria_diretoria1`
    FOREIGN KEY (`id_diretoria`)
    REFERENCES `bdyon`.`diretoria` (`id`)
    ON DELETE NO ACTION
    ON UPDATE NO ACTION)
ENGINE = InnoDB;


-- -----------------------------------------------------
-- Table `bdyon`.`metodo_pagamento`
-- -----------------------------------------------------
DROP TABLE IF EXISTS `bdyon`.`metodo_pagamento` ;

CREATE TABLE IF NOT EXISTS `bdyon`.`metodo_pagamento` (
  `id` INT NOT NULL,
  `id_evento` INT NOT NULL,
  `nome` VARCHAR(70) NOT NULL,
  `tipo` INT NOT NULL,
  `hash_link` VARCHAR(100) NULL,
  `max_parcelas` INT NOT NULL,
  `desconto` FLOAT NOT NULL,
  PRIMARY KEY (`id`),
  INDEX `fk_metodo_pagamento_evento1_idx` (`id_evento` ASC),
  CONSTRAINT `fk_metodo_pagamento_evento1`
    FOREIGN KEY (`id_evento`)
    REFERENCES `bdyon`.`evento` (`id`)
    ON DELETE NO ACTION
    ON UPDATE NO ACTION)
ENGINE = InnoDB;


SET SQL_MODE=@OLD_SQL_MODE;
SET FOREIGN_KEY_CHECKS=@OLD_FOREIGN_KEY_CHECKS;
SET UNIQUE_CHECKS=@OLD_UNIQUE_CHECKS;

-- -----------------------------------------------------
-- Data for table `bdyon`.`usuario`
-- -----------------------------------------------------
START TRANSACTION;
USE `bdyon`;
INSERT INTO `bdyon`.`usuario` (`id`, `nome`, `email`, `senha`, `rg`, `tipo`, `sexo`, `cidade`, `estado`, `data_criacao`) VALUES (1, 'Paulo Felipe', 'paul.0@live.de', '786c1d47108baf83b2f6dc0afd7907b4', '000000000', 10, 'm', 'Belo Horizonte', 'MG', DEFAULT);
INSERT INTO `bdyon`.`usuario` (`id`, `nome`, `email`, `senha`, `rg`, `tipo`, `sexo`, `cidade`, `estado`, `data_criacao`) VALUES (2, 'João', 'joao@dyon.com', '786c1d47108baf83b2f6dc0afd7907b4', '000000001', 1, 'm', 'Belo Horizonte', 'MG', DEFAULT);
INSERT INTO `bdyon`.`usuario` (`id`, `nome`, `email`, `senha`, `rg`, `tipo`, `sexo`, `cidade`, `estado`, `data_criacao`) VALUES (3, 'Guilherme', 'guilherme@dyon.com', '786c1d47108baf83b2f6dc0afd7907b4', '000000002', 1, 'm', 'São Luiz', 'AC', DEFAULT);
INSERT INTO `bdyon`.`usuario` (`id`, `nome`, `email`, `senha`, `rg`, `tipo`, `sexo`, `cidade`, `estado`, `data_criacao`) VALUES (4, 'Pedro', 'pedro@dyon.com', '786c1d47108baf83b2f6dc0afd7907b4', '000000003', 1, 'm', 'Maciel', 'MT', DEFAULT);
INSERT INTO `bdyon`.`usuario` (`id`, `nome`, `email`, `senha`, `rg`, `tipo`, `sexo`, `cidade`, `estado`, `data_criacao`) VALUES (5, 'Joana', 'joana@dyon.com', '786c1d47108baf83b2f6dc0afd7907b4', '000000004', 1, 'f', 'Curitiba', 'SC', DEFAULT);
INSERT INTO `bdyon`.`usuario` (`id`, `nome`, `email`, `senha`, `rg`, `tipo`, `sexo`, `cidade`, `estado`, `data_criacao`) VALUES (6, 'Carolina', 'carol@dyon.com', '786c1d47108baf83b2f6dc0afd7907b4', '000000005', 1, 'f', 'Itapiai', 'AL', DEFAULT);
INSERT INTO `bdyon`.`usuario` (`id`, `nome`, `email`, `senha`, `rg`, `tipo`, `sexo`, `cidade`, `estado`, `data_criacao`) VALUES (7, 'Lívia', 'livia@dyon.com', '786c1d47108baf83b2f6dc0afd7907b4', '000000006', 1, 'f', 'São Paulo', 'SP', DEFAULT);
INSERT INTO `bdyon`.`usuario` (`id`, `nome`, `email`, `senha`, `rg`, `tipo`, `sexo`, `cidade`, `estado`, `data_criacao`) VALUES (8, 'Laura', 'laura@dyon.com', '786c1d47108baf83b2f6dc0afd7907b4', '000000007', 1, 'f', 'São Paulo', 'SP', DEFAULT);
INSERT INTO `bdyon`.`usuario` (`id`, `nome`, `email`, `senha`, `rg`, `tipo`, `sexo`, `cidade`, `estado`, `data_criacao`) VALUES (9, 'Manoela', 'manu@dyon.com', '786c1d47108baf83b2f6dc0afd7907b4', '000000008', 1, 'f', 'São Paulo', 'SP', DEFAULT);
INSERT INTO `bdyon`.`usuario` (`id`, `nome`, `email`, `senha`, `rg`, `tipo`, `sexo`, `cidade`, `estado`, `data_criacao`) VALUES (10, 'Ingrid', 'ingrid@dyon.com', '786c1d47108baf83b2f6dc0afd7907b4', '000000009', 1, 'f', 'São Carlos', 'SP', DEFAULT);
INSERT INTO `bdyon`.`usuario` (`id`, `nome`, `email`, `senha`, `rg`, `tipo`, `sexo`, `cidade`, `estado`, `data_criacao`) VALUES (11, 'Stephanie', 'steh@dyon.com', '786c1d47108baf83b2f6dc0afd7907b4', '000000010', 1, 'f', 'Campinas', 'SP', DEFAULT);
INSERT INTO `bdyon`.`usuario` (`id`, `nome`, `email`, `senha`, `rg`, `tipo`, `sexo`, `cidade`, `estado`, `data_criacao`) VALUES (12, 'Jorge', 'jorge@dyon.com', '786c1d47108baf83b2f6dc0afd7907b4', '000000011', 1, 'm', 'Rio de Janeiro', 'RJ', DEFAULT);
INSERT INTO `bdyon`.`usuario` (`id`, `nome`, `email`, `senha`, `rg`, `tipo`, `sexo`, `cidade`, `estado`, `data_criacao`) VALUES (13, 'Gustavo', 'gustavo@dyon.com', '786c1d47108baf83b2f6dc0afd7907b4', '000000012', 1, 'm', 'Rio de Janeiro', 'RJ', DEFAULT);
INSERT INTO `bdyon`.`usuario` (`id`, `nome`, `email`, `senha`, `rg`, `tipo`, `sexo`, `cidade`, `estado`, `data_criacao`) VALUES (14, 'Igor', 'igor@dyon.com', '786c1d47108baf83b2f6dc0afd7907b4 ', '000000013', 1, 'm', 'Guarujá', 'SP', DEFAULT);
INSERT INTO `bdyon`.`usuario` (`id`, `nome`, `email`, `senha`, `rg`, `tipo`, `sexo`, `cidade`, `estado`, `data_criacao`) VALUES (15, 'Aslan', 'aslan@dyon.com', '786c1d47108baf83b2f6dc0afd7907b4', '000000014', 1, 'm', 'Indiana', 'RJ', DEFAULT);
INSERT INTO `bdyon`.`usuario` (`id`, `nome`, `email`, `senha`, `rg`, `tipo`, `sexo`, `cidade`, `estado`, `data_criacao`) VALUES (16, 'Denis', 'denis@dyon.com', '786c1d47108baf83b2f6dc0afd7907b4', '000000015', 1, 'm', 'Indiana', 'RJ', DEFAULT);
INSERT INTO `bdyon`.`usuario` (`id`, `nome`, `email`, `senha`, `rg`, `tipo`, `sexo`, `cidade`, `estado`, `data_criacao`) VALUES (17, 'Stella', 'stella@dyon.com', '786c1d47108baf83b2f6dc0afd7907b4', '000000016', 1, 'f', 'Florianopolis', 'SC', DEFAULT);
INSERT INTO `bdyon`.`usuario` (`id`, `nome`, `email`, `senha`, `rg`, `tipo`, `sexo`, `cidade`, `estado`, `data_criacao`) VALUES (18, 'Alf', 'alf@dyon.com', '786c1d47108baf83b2f6dc0afd7907b4', '000000017', 1, 'f', 'Ouro Preto', 'MG', DEFAULT);
INSERT INTO `bdyon`.`usuario` (`id`, `nome`, `email`, `senha`, `rg`, `tipo`, `sexo`, `cidade`, `estado`, `data_criacao`) VALUES (19, 'João Henrique', 'joaoh@dyon.com', '786c1d47108baf83b2f6dc0afd7907b4', '000000018', 1, 'm', 'Ipatinga', 'MG', DEFAULT);
INSERT INTO `bdyon`.`usuario` (`id`, `nome`, `email`, `senha`, `rg`, `tipo`, `sexo`, `cidade`, `estado`, `data_criacao`) VALUES (20, 'Laura Neves', 'lauran@dyon.com', '786c1d47108baf83b2f6dc0afd7907b4', '000000019', 1, 'f', 'Florença', 'PB', DEFAULT);
INSERT INTO `bdyon`.`usuario` (`id`, `nome`, `email`, `senha`, `rg`, `tipo`, `sexo`, `cidade`, `estado`, `data_criacao`) VALUES (21, 'Douglas Augusto', 'douglasa@dyon.com', '786c1d47108baf83b2f6dc0afd7907b4', '000000020', 1, 'm', 'Salvador', 'BA', DEFAULT);
INSERT INTO `bdyon`.`usuario` (`id`, `nome`, `email`, `senha`, `rg`, `tipo`, `sexo`, `cidade`, `estado`, `data_criacao`) VALUES (22, 'Gustavo Alberto', 'gustavoa@dyon.com', '786c1d47108baf83b2f6dc0afd7907b4', '000000021', 1, 'm', 'Salvador', 'BA', DEFAULT);
INSERT INTO `bdyon`.`usuario` (`id`, `nome`, `email`, `senha`, `rg`, `tipo`, `sexo`, `cidade`, `estado`, `data_criacao`) VALUES (23, 'Gabriel Douth', 'gabrield@dyon.com', '786c1d47108baf83b2f6dc0afd7907b4', '000000022', 1, 'm', 'Amados', 'SC', DEFAULT);
INSERT INTO `bdyon`.`usuario` (`id`, `nome`, `email`, `senha`, `rg`, `tipo`, `sexo`, `cidade`, `estado`, `data_criacao`) VALUES (24, 'Misti', 'misti@dyon.com', '786c1d47108baf83b2f6dc0afd7907b4', '000000023', 1, 'f', 'Pinda', 'ES', DEFAULT);
INSERT INTO `bdyon`.`usuario` (`id`, `nome`, `email`, `senha`, `rg`, `tipo`, `sexo`, `cidade`, `estado`, `data_criacao`) VALUES (25, 'Yuri', 'yuri@dyon.com', '786c1d47108baf83b2f6dc0afd7907b4', '000000024', 1, 'm', 'Vitória', 'ES', DEFAULT);
INSERT INTO `bdyon`.`usuario` (`id`, `nome`, `email`, `senha`, `rg`, `tipo`, `sexo`, `cidade`, `estado`, `data_criacao`) VALUES (26, 'Marco Antonio', 'marcoa@dyon.com', '786c1d47108baf83b2f6dc0afd7907b4', '000000025', 1, 'm', 'Campinas', 'SP', DEFAULT);
INSERT INTO `bdyon`.`usuario` (`id`, `nome`, `email`, `senha`, `rg`, `tipo`, `sexo`, `cidade`, `estado`, `data_criacao`) VALUES (27, 'Melissa', 'melissa@dyon.com', '786c1d47108baf83b2f6dc0afd7907b4', '000000026', 1, 'f', 'Campinas', 'SP', DEFAULT);
INSERT INTO `bdyon`.`usuario` (`id`, `nome`, `email`, `senha`, `rg`, `tipo`, `sexo`, `cidade`, `estado`, `data_criacao`) VALUES (28, 'Sofia', 'sofia@dyon.com', '786c1d47108baf83b2f6dc0afd7907b4', '000000027', 1, 'f', 'Abordina', 'GO', DEFAULT);
INSERT INTO `bdyon`.`usuario` (`id`, `nome`, `email`, `senha`, `rg`, `tipo`, `sexo`, `cidade`, `estado`, `data_criacao`) VALUES (29, 'Lara', 'lara@dyon.com', '786c1d47108baf83b2f6dc0afd7907b4', '000000028', 1, 'f', 'Niagra', 'AC', DEFAULT);

COMMIT;


-- -----------------------------------------------------
-- Data for table `bdyon`.`evento`
-- -----------------------------------------------------
START TRANSACTION;
USE `bdyon`;
INSERT INTO `bdyon`.`evento` (`id`, `id_usuario`, `nome`, `data_inicio`, `data_fim`, `data_criacao`, `max_venda`, `status`) VALUES (1, 1, 'Carna Boemia (Testes)', '2015-10-14 1:00:00', '2015-11-14 23:00:00', DEFAULT, DEFAULT, DEFAULT);
INSERT INTO `bdyon`.`evento` (`id`, `id_usuario`, `nome`, `data_inicio`, `data_fim`, `data_criacao`, `max_venda`, `status`) VALUES (2, 1, 'Carna Boemia (Teste2)', '2015-05-14 00:00:00', '2015-06-14 00:00:00', DEFAULT, DEFAULT, DEFAULT);

COMMIT;


-- -----------------------------------------------------
-- Data for table `bdyon`.`lote`
-- -----------------------------------------------------
START TRANSACTION;
USE `bdyon`;
INSERT INTO `bdyon`.`lote` (`id`, `id_evento`, `id_usuario`, `nome`, `valor`, `data_criacao`, `max_venda`, `status`, `genero`, `pagseguro_hash`) VALUES (1, 1, 1, '1º Lote Masculino', 500, '2015-10-14 1:00:00', 300, 2, NULL, NULL);
INSERT INTO `bdyon`.`lote` (`id`, `id_evento`, `id_usuario`, `nome`, `valor`, `data_criacao`, `max_venda`, `status`, `genero`, `pagseguro_hash`) VALUES (2, 1, 1, '1º Lote Feminino', 500, '2015-10-14 1:00:00', 250, 2, NULL, NULL);
INSERT INTO `bdyon`.`lote` (`id`, `id_evento`, `id_usuario`, `nome`, `valor`, `data_criacao`, `max_venda`, `status`, `genero`, `pagseguro_hash`) VALUES (3, 1, 1, 'Lote Esgotado', 250, '2015-10-14 1:00:00', 200, 1, NULL, NULL);
INSERT INTO `bdyon`.`lote` (`id`, `id_evento`, `id_usuario`, `nome`, `valor`, `data_criacao`, `max_venda`, `status`, `genero`, `pagseguro_hash`) VALUES (4, 1, 1, 'Lote Pendente', 100, '2015-10-14 1:00:00', 100, 0, NULL, NULL);
INSERT INTO `bdyon`.`lote` (`id`, `id_evento`, `id_usuario`, `nome`, `valor`, `data_criacao`, `max_venda`, `status`, `genero`, `pagseguro_hash`) VALUES (5, 1, 1, 'Lote Sem Limites', 200, '2015-10-14 1:00:00', 0, 2, NULL, NULL);

COMMIT;


-- -----------------------------------------------------
-- Data for table `bdyon`.`grupo`
-- -----------------------------------------------------
START TRANSACTION;
USE `bdyon`;
INSERT INTO `bdyon`.`grupo` (`id`, `id_lider`, `nome`, `data_criacao`, `id_evento`, `codigo_acesso`) VALUES (1, 2, 'Grupo 1', DEFAULT, 1, 'asd123');
INSERT INTO `bdyon`.`grupo` (`id`, `id_lider`, `nome`, `data_criacao`, `id_evento`, `codigo_acesso`) VALUES (2, 3, 'Grupo 2', DEFAULT, 1, 'asd1323');
INSERT INTO `bdyon`.`grupo` (`id`, `id_lider`, `nome`, `data_criacao`, `id_evento`, `codigo_acesso`) VALUES (3, 1, 'Grupo Admin', DEFAULT, 1, 'dasd3123');

COMMIT;


-- -----------------------------------------------------
-- Data for table `bdyon`.`pacote`
-- -----------------------------------------------------
START TRANSACTION;
USE `bdyon`;
INSERT INTO `bdyon`.`pacote` (`id`, `id_usuario`, `id_grupo`, `id_lote`, `desconto`, `data_criacao`, `tipo_pagamento`, `status`, `data_alteracao`) VALUES (1, 2, 1, 1, 0, DEFAULT, 1, 0, NULL);
INSERT INTO `bdyon`.`pacote` (`id`, `id_usuario`, `id_grupo`, `id_lote`, `desconto`, `data_criacao`, `tipo_pagamento`, `status`, `data_alteracao`) VALUES (2, 5, 1, 2, 0, DEFAULT, 1, 1, NULL);
INSERT INTO `bdyon`.`pacote` (`id`, `id_usuario`, `id_grupo`, `id_lote`, `desconto`, `data_criacao`, `tipo_pagamento`, `status`, `data_alteracao`) VALUES (3, 3, 2, 1, 15, DEFAULT, 2, 2, NULL);

COMMIT;


-- -----------------------------------------------------
-- Data for table `bdyon`.`parcela_pacote`
-- -----------------------------------------------------
START TRANSACTION;
USE `bdyon`;
INSERT INTO `bdyon`.`parcela_pacote` (`id`, `id_pacote`, `data_criacao`, `data_vencimento`, `data_pagamento`, `valor`, `status`, `id_comprovante`, `tipo_comprovante`) VALUES (1, 1, DEFAULT, '2015-10-15 22:45:30', NULL, 300, 1, NULL, NULL);
INSERT INTO `bdyon`.`parcela_pacote` (`id`, `id_pacote`, `data_criacao`, `data_vencimento`, `data_pagamento`, `valor`, `status`, `id_comprovante`, `tipo_comprovante`) VALUES (2, 1, DEFAULT, '2015-10-15 22:45:30', NULL, 400, 1, NULL, NULL);
INSERT INTO `bdyon`.`parcela_pacote` (`id`, `id_pacote`, `data_criacao`, `data_vencimento`, `data_pagamento`, `valor`, `status`, `id_comprovante`, `tipo_comprovante`) VALUES (3, 2, DEFAULT, '2015-10-15 22:45:30', NULL, 200, 1, NULL, NULL);
INSERT INTO `bdyon`.`parcela_pacote` (`id`, `id_pacote`, `data_criacao`, `data_vencimento`, `data_pagamento`, `valor`, `status`, `id_comprovante`, `tipo_comprovante`) VALUES (4, 2, DEFAULT, '2015-10-15 22:45:30', NULL, 599, 1, NULL, NULL);
INSERT INTO `bdyon`.`parcela_pacote` (`id`, `id_pacote`, `data_criacao`, `data_vencimento`, `data_pagamento`, `valor`, `status`, `id_comprovante`, `tipo_comprovante`) VALUES (5, 3, DEFAULT, '2015-10-15 22:45:30', NULL, 700, 2, NULL, NULL);

COMMIT;


-- -----------------------------------------------------
-- Data for table `bdyon`.`categoria_compra`
-- -----------------------------------------------------
START TRANSACTION;
USE `bdyon`;
INSERT INTO `bdyon`.`categoria_compra` (`id`, `nome`) VALUES (0, 'categoria 1');
INSERT INTO `bdyon`.`categoria_compra` (`id`, `nome`) VALUES (1, 'categoria 2');
INSERT INTO `bdyon`.`categoria_compra` (`id`, `nome`) VALUES (2, 'categoria 3');
INSERT INTO `bdyon`.`categoria_compra` (`id`, `nome`) VALUES (3, 'categoria 4');
INSERT INTO `bdyon`.`categoria_compra` (`id`, `nome`) VALUES (4, 'categoria 5');

COMMIT;


-- -----------------------------------------------------
-- Data for table `bdyon`.`compra`
-- -----------------------------------------------------
START TRANSACTION;
USE `bdyon`;
INSERT INTO `bdyon`.`compra` (`id`, `id_evento`, `id_categoria`, `nome`, `data_criacao`, `quantidade`, `valor_unitario`, `tipo`, `status`) VALUES (0, 1, 1, 'Compra 1', DEFAULT, 500, 1, 1, 1);
INSERT INTO `bdyon`.`compra` (`id`, `id_evento`, `id_categoria`, `nome`, `data_criacao`, `quantidade`, `valor_unitario`, `tipo`, `status`) VALUES (1, 1, 2, 'Compra 2', DEFAULT, 1, 500, 1, 1);
INSERT INTO `bdyon`.`compra` (`id`, `id_evento`, `id_categoria`, `nome`, `data_criacao`, `quantidade`, `valor_unitario`, `tipo`, `status`) VALUES (2, 1, 2, 'Compra 3', DEFAULT, 150, 1, 1, 1);
INSERT INTO `bdyon`.`compra` (`id`, `id_evento`, `id_categoria`, `nome`, `data_criacao`, `quantidade`, `valor_unitario`, `tipo`, `status`) VALUES (3, 1, 3, 'Compra 4', '', 1, 250, 1, 2);
INSERT INTO `bdyon`.`compra` (`id`, `id_evento`, `id_categoria`, `nome`, `data_criacao`, `quantidade`, `valor_unitario`, `tipo`, `status`) VALUES (4, 1, 1, 'Compra 5', DEFAULT, 150, 2, 1, 2);

COMMIT;


-- -----------------------------------------------------
-- Data for table `bdyon`.`parcela_compra`
-- -----------------------------------------------------
START TRANSACTION;
USE `bdyon`;
INSERT INTO `bdyon`.`parcela_compra` (`id`, `id_compra`, `nota_fiscal`, `valor`, `status`, `retorno`, `data_vencimento`, `data_pagamento`) VALUES (0, 0, NULL, '500', '0', NULL, NULL, NULL);
INSERT INTO `bdyon`.`parcela_compra` (`id`, `id_compra`, `nota_fiscal`, `valor`, `status`, `retorno`, `data_vencimento`, `data_pagamento`) VALUES (1, 1, NULL, '500', '0', NULL, NULL, NULL);
INSERT INTO `bdyon`.`parcela_compra` (`id`, `id_compra`, `nota_fiscal`, `valor`, `status`, `retorno`, `data_vencimento`, `data_pagamento`) VALUES (2, 2, NULL, '150', '0', NULL, NULL, NULL);
INSERT INTO `bdyon`.`parcela_compra` (`id`, `id_compra`, `nota_fiscal`, `valor`, `status`, `retorno`, `data_vencimento`, `data_pagamento`) VALUES (3, 3, NULL, '250', '1', NULL, NULL, NULL);
INSERT INTO `bdyon`.`parcela_compra` (`id`, `id_compra`, `nota_fiscal`, `valor`, `status`, `retorno`, `data_vencimento`, `data_pagamento`) VALUES (4, 4, NULL, '300', '1', NULL, NULL, NULL);

COMMIT;


-- -----------------------------------------------------
-- Data for table `bdyon`.`casa`
-- -----------------------------------------------------
START TRANSACTION;
USE `bdyon`;
INSERT INTO `bdyon`.`casa` (`id`, `id_evento`, `nome`, `endereco`, `valor_pessoa`, `numero_vagas`, `anexo_contrato`, `mapa`) VALUES (1, 1, 'Teste', 'Teste', 100, 50, NULL, 'bitmap');

COMMIT;


-- -----------------------------------------------------
-- Data for table `bdyon`.`admin`
-- -----------------------------------------------------
START TRANSACTION;
USE `bdyon`;
INSERT INTO `bdyon`.`admin` (`id`, `id_usuario`, `evento_padrao`, `dashboard_boxes`) VALUES (1, 1, 1, NULL);

COMMIT;

